0	あいこくしん	kanji	愛国心
1	あいさつ	kanji	挨拶
2	あいだ	kanji	間
3	あおぞら	kanji	青空
4	あかちゃん	kanji	赤ちゃん
5	あきる	kanji	飽きる
6	あけがた	kanji	明け方
7	あける	kanji(alt:空ける/明ける)	開ける
8	あこがれる	kanji	憧れる
9	あさい	kanji	浅い
10	あさひ	kanji	朝日
11	あしあと	kanji(alt:足あと)	足跡
12	あじわう	kanji	味わう
13	あずかる	kanji	預かる
14	あずき	kanji	小豆
15	あそぶ	kanji	遊ぶ
16	あたえる	kanji	与える
17	あたためる	kanji(alt:暖める)	温める
18	あたりまえ	kanji	当たり前
19	あたる	kanji	当たる
20	あつい	kanji(alt:厚い/暑い)	熱い
21	あつかう	kanji	扱う
22	あっしゅく	kanji	圧縮
23	あつまり	kanji	集まり
24	あつめる	kanji	集める
25	あてな	kanji	宛名
26	あてはまる	kanji	当てはまる
27	あひる	override	アヒル
28	あぶら	kanji(alt:脂)	油
29	あぶる	override	炙る
30	あふれる	override	溢れる
31	あまい	kanji	甘い
32	あまど	kanji	雨戸
33	あまやかす	kanji	甘やかす
34	あまり	kana:collision	あまり
35	あみもの	kanji(alt:編物)	編み物
36	あめりか	katakana	アメリカ
37	あやまる	kanji(alt:誤る)	謝る
38	あゆむ	kanji	歩む
39	あらいぐま	override	アライグマ
40	あらし	kanji(alt:暴風/暴風雨)	嵐
41	あらすじ	kanji	粗筋
42	あらためる	kanji	改める
43	あらゆる	kana:ambiguous(凡ゆる/有らゆる/汎ゆる)	あらゆる
44	あらわす	kanji(alt:現す/著す/表わす)	表す
45	ありがとう	kana:ambiguous(有りがとう/有り難う/有難う)	ありがとう
46	あわせる	kanji(alt:併せる)	合わせる
47	あわてる	kanji	慌てる
48	あんい	kanji	安易
49	あんがい	kanji	案外
50	あんこ	katakana	アンコ
51	あんぜん	kanji	安全
52	あんてい	kanji	安定
53	あんない	kanji	案内
54	あんまり	kana:collision	あんまり
55	いいだす	kanji	言い出す
56	いおん	kanji	異音
57	いがい	kanji(alt:以外)	意外
58	いがく	kanji	医学
59	いきおい	kanji	勢い
60	いきなり	kana:ambiguous(行きなり/行き成/行き成り/行成/行成り)	いきなり
61	いきもの	kanji	生き物
62	いきる	kanji	生きる
63	いくじ	kanji(alt:意気地)	育児
64	いくぶん	kanji	幾分
65	いけばな	kanji(alt:生花)	生け花
66	いけん	kanji(alt:違憲)	意見
67	いこう	kanji(alt:移行/以降/遺構)	意向
68	いこく	kanji	異国
69	いこつ	kanji	遺骨
70	いさましい	kanji	勇ましい
71	いさん	kanji	遺産
72	いしき	kanji	意識
73	いじゅう	kanji	移住
74	いじょう	kanji(alt:移譲/以上/異状)	異常
75	いじわる	kanji	意地悪
76	いずみ	kanji	泉
77	いずれ	kanji	何れ
78	いせい	kanji(alt:威勢)	異性
79	いせえび	override	伊勢海老
80	いせかい	kanji	異世界
81	いせき	kanji(alt:移籍)	遺跡
82	いぜん	kanji(alt:依然)	以前
83	いそうろう	kanji	居候
84	いそがしい	kanji	忙しい
85	いだい	kanji(alt:偉大)	医大
86	いだく	kanji	抱く
87	いたずら	kanji	悪戯
88	いたみ	kanji(alt:傷み)	痛み
89	いたりあ	katakana	イタリア
90	いちおう	kanji	一応
91	いちじ	kanji(alt:一字/一事)	一時
92	いちど	kanji	一度
93	いちば	kanji	市場
94	いちぶ	kanji(alt:一分)	一部
95	いちりゅう	kanji	一流
96	いつか	kanji	五日
97	いっしゅん	kanji	一瞬
98	いっせい	kanji(alt:一世/一声)	一斉
99	いっそう	kanji(alt:一掃)	一層
100	いったん	kanji(alt:一旦)	一端
101	いっち	kanji	一致
102	いってい	kanji	一定
103	いっぽう	kanji(alt:一報)	一方
104	いてざ	override	射手座
105	いてん	kanji	移転
106	いどう	kanji(alt:異動)	移動
107	いとこ	kanji(alt:従兄弟/従兄)	従姉妹
108	いない	kanji	以内
109	いなか	kanji	田舎
110	いねむり	kanji	居眠り
111	いのち	kanji	命
112	いのる	kanji	祈る
113	いはつ	override	遺髪
114	いばる	kanji	威張る
115	いはん	kanji	違反
116	いびき	kana:no-eligible	いびき
117	いひん	kanji	遺品
118	いふく	kanji	衣服
119	いへん	kanji	異変
120	いほう	kanji	違法
121	いみん	kanji	移民
122	いもうと	kanji(alt:義妹)	妹
123	いもたれ	kanji	胃もたれ
124	いもり	kanji	井守
125	いやがる	kanji	嫌がる
126	いやす	override	癒やす
127	いよかん	override	伊予柑
128	いよく	kanji	意欲
129	いらい	kanji(alt:依頼)	以来
130	いらすと	katakana	イラスト
131	いりぐち	kanji(alt:入口)	入り口
132	いりょう	kanji(alt:衣料)	医療
133	いれい	kanji(alt:慰霊)	異例
134	いれもの	kanji	入れ物
135	いれる	kanji	入れる
136	いろえんぴつ	kanji	色鉛筆
137	いわい	kanji	祝い
138	いわう	kanji	祝う
139	いわかん	kanji	違和感
140	いわば	kanji(alt:岩場)	言わば
141	いわゆる	kanji	言わゆる
142	いんげんまめ	override	インゲン豆
143	いんさつ	kanji	印刷
144	いんしょう	kanji(alt:印章)	印象
145	いんよう	kanji(alt:飲用/陰陽)	引用
146	うえき	kanji	植木
147	うえる	kanji(alt:植える)	飢える
148	うおざ	override	うお座
149	うがい	kana:ambiguous(う飼い/有界)	うがい
150	うかぶ	kanji	浮かぶ
151	うかべる	kanji	浮かべる
152	うきわ	override	浮き輪
153	うくらいな	katakana	ウクライナ
154	うくれれ	katakana	ウクレレ
155	うけたまわる	kanji	承る
156	うけつけ	kanji(alt:受付)	受け付け
157	うけとる	kanji	受け取る
158	うけもつ	kanji	受け持つ
159	うける	kanji(alt:請ける)	受ける
160	うごかす	kanji	動かす
161	うごく	kanji	動く
162	うこん	kanji	鬱金
163	うさぎ	override	ウサギ
164	うしなう	kanji	失う
165	うしろがみ	kanji	後ろ髪
166	うすい	kanji(alt:薄い)	雨水
167	うすぎ	kanji	薄着
168	うすぐらい	kanji	薄暗い
169	うすめる	kanji	薄める
170	うせつ	kanji	右折
171	うちあわせ	kanji(alt:打ち合わせ)	打合せ
172	うちがわ	kanji	内側
173	うちき	kanji	内気
174	うちゅう	kanji(alt:雨中)	宇宙
175	うっかり	kana:no-eligible	うっかり
176	うつくしい	kanji	美しい
177	うったえる	kanji	訴える
178	うつる	kanji(alt:映る/移る)	写る
179	うどん	kana:no-eligible	うどん
180	うなぎ	kanji-name	宇那木
181	うなじ	kanji	海路
182	うなずく	kana:ambiguous(点頭く/肯く/首肯く)	うなずく
183	うなる	override	唸る
184	うねる	kanji	畝る
185	うのう	kanji	右脳
186	うぶげ	override	産毛
187	うぶごえ	kanji	産声
188	うまれる	kanji	生まれる
189	うめる	kanji	埋める
190	うもう	kanji	羽毛
191	うやまう	kanji	敬う
192	うよく	kanji	右翼
193	うらがえす	kanji	裏返す
194	うらぐち	kanji	裏口
195	うらない	kanji	占い
196	うりあげ	kanji(alt:売上)	売り上げ
197	うりきれ	kanji	売り切れ
198	うるさい	kanji	煩い
199	うれしい	override	嬉しい
200	うれゆき	kanji	売れ行き
201	うれる	kanji	売れる
202	うろこ	override	鱗
203	うわき	kanji	浮気
204	うわさ	override	噂
205	うんこう	kanji(alt:運行)	運航
206	うんちん	kanji	運賃
207	うんてん	kanji	運転
208	うんどう	kanji	運動
209	えいえん	kanji	永遠
210	えいが	kanji(alt:栄華)	映画
211	えいきょう	kanji	影響
212	えいご	kanji	英語
213	えいせい	kanji(alt:衛生/永世)	衛星
214	えいぶん	kanji	英文
215	えいよう	kanji	栄養
216	えいわ	kanji	英和
217	えおり	kanji-name	絵織
218	えがお	kanji	笑顔
219	えがく	kanji	描く
220	えきたい	kanji	液体
221	えくせる	katakana	エクセル
222	えしゃく	kanji	会釈
223	えすて	katakana	エステ
224	えつらん	kanji	閲覧
225	えのぐ	kanji	絵の具
226	えほうまき	override	恵方巻き
227	えほん	kanji	絵本
228	えまき	kanji	絵巻
229	えもじ	kanji	絵文字
230	えもの	kanji	獲物
231	えらい	kanji	偉い
232	えらぶ	kanji	選ぶ
233	えりあ	katakana	エリア
234	えんえん	override	延々
235	えんかい	kanji(alt:沿海)	宴会
236	えんぎ	kanji(alt:縁起)	演技
237	えんげき	kanji	演劇
238	えんしゅう	kanji(alt:円周)	演習
239	えんぜつ	kanji	演説
240	えんそく	kanji	遠足
241	えんちょう	kanji(alt:園長)	延長
242	えんとつ	kanji	煙突
243	おいかける	kanji(alt:追い掛ける)	追いかける
244	おいこす	kanji	追い越す
245	おいしい	kanji	美味しい
246	おいつく	kanji(alt:追い付く)	追いつく
247	おうえん	kanji	応援
248	おうさま	kanji	王様
249	おうじ	kanji(alt:皇子/往時)	王子
250	おうせつ	kanji	応接
251	おうたい	kanji	応対
252	おうふく	kanji	往復
253	おうべい	kanji	欧米
254	おうよう	kanji	応用
255	おえる	kanji	終える
256	おおい	kanji(alt:覆い)	多い
257	おおう	kanji	覆う
258	おおどおり	kanji	大通り
259	おおや	kanji(alt:大家)	大屋
260	おおよそ	kana:ambiguous(凡/凡そ/大よそ/大凡)	おおよそ
261	おかえり	kanji	お帰り
262	おかず	kana:ambiguous(お数/お菜/御数/御菜)	おかず
263	おがむ	kanji	拝む
264	おかわり	kanji	お代わり
265	おぎなう	kanji	補う
266	おきる	kanji	起きる
267	おくさま	kanji	奥様
268	おくじょう	kanji	屋上
269	おくりがな	kanji	送り仮名
270	おくる	kanji(alt:送る)	贈る
271	おくれる	kanji	遅れる
272	おこす	kanji(alt:興す)	起こす
273	おこなう	kanji	行う
274	おこる	kanji(alt:怒る)	起こる
275	おさえる	kanji(alt:押さえる)	抑える
276	おさない	kanji	幼い
277	おさめる	kanji(alt:修める/治める/納める)	収める
278	おしいれ	kanji(alt:押入れ/押し入れ)	押入
279	おしえる	kanji	教える
280	おじぎ	kanji	お辞儀
281	おじさん	kana:ambiguous(伯父さん/叔父さん/小父さん)	おじさん
282	おしゃれ	kana:no-eligible	おしゃれ
283	おそらく	kanji	恐らく
284	おそわる	kanji	教わる
285	おたがい	override	お互い
286	おたく	kanji	お宅
287	おだやか	kanji	穏やか
288	おちつく	kanji(alt:落ちつく)	落ち着く
289	おっと	kanji	夫
290	おつり	kanji	お釣り
291	おでかけ	kanji	お出かけ
292	おとしもの	kanji(alt:落し物)	落とし物
293	おとなしい	kanji	大人しい
294	おどり	kanji(alt:躍り)	踊り
295	おどろかす	kanji	驚かす
296	おばさん	kana:ambiguous(伯母さん/叔母さん/小母さん)	おばさん
297	おまいり	kanji	お参り
298	おめでとう	kana:ambiguous(お目出度う/お芽出度う/御目出度う/御目出糖/御芽出度う)	おめでとう
299	おもいで	kanji	思い出
300	おもう	kanji	思う
301	おもたい	kanji	重たい
302	おもちゃ	kanji	玩具
303	おやつ	kana:ambiguous(お八つ/御八つ)	おやつ
304	おやゆび	kanji	親指
305	およぼす	kanji	及ぼす
306	おらんだ	katakana	オランダ
307	おろす	kanji(alt:降ろす/下ろす)	卸す
308	おんがく	kanji	音楽
309	おんけい	kanji	恩恵
310	おんしゃ	kanji(alt:御社)	恩赦
311	おんせん	kanji	温泉
312	おんだん	kanji	温暖
313	おんちゅう	kanji	御中
314	おんどけい	kanji	温度計
315	かあつ	kanji	加圧
316	かいが	kanji	絵画
317	がいき	kanji	外気
318	がいけん	kanji	外見
319	がいこう	kanji	外交
320	かいさつ	kanji	改札
321	かいしゃ	kanji	会社
322	かいすいよく	kanji	海水浴
323	かいぜん	kanji	改善
324	かいぞうど	kanji	解像度
325	かいつう	kanji	開通
326	かいてん	kanji(alt:開店)	回転
327	かいとう	kanji(alt:会頭/解答/解党)	回答
328	かいふく	kanji(alt:開腹)	回復
329	がいへき	kanji	外壁
330	かいほう	kanji(alt:解放/会報/快方)	開放
331	かいよう	kanji(alt:潰瘍)	海洋
332	がいらい	kanji	外来
333	かいわ	kanji	会話
334	かえる	kanji(alt:変える/帰る/返る)	代える
335	かおり	kanji	香り
336	かかえる	kanji	抱える
337	かがく	kanji(alt:化学/価額)	科学
338	かがし	override	加賀市
339	かがみ	kanji	鏡
340	かくご	kanji	覚悟
341	かくとく	kanji	獲得
342	かざる	kanji	飾る
343	がぞう	kanji	画像
344	かたい	kanji(alt:硬い/固い/難い)	堅い
345	かたち	kanji	形
346	がちょう	override	ガチョウ
347	がっきゅう	kanji(alt:学究)	学級
348	がっこう	kanji	学校
349	がっさん	kanji	合算
350	がっしょう	kanji(alt:合掌)	合唱
351	かなざわし	kanji-name	金沢市
352	かのう	kanji	可能
353	がはく	kanji	画伯
354	かぶか	kanji	株価
355	かほう	kanji(alt:火砲)	下方
356	かほご	kanji	過保護
357	かまう	kanji	構う
358	かまぼこ	kanji-name	香真歩呼
359	かめれおん	katakana	カメレオン
360	かゆい	override	痒い
361	かようび	kanji	火曜日
362	からい	kanji(alt:塩辛い)	辛い
363	かるい	kanji	軽い
364	かろう	kanji(alt:家老)	過労
365	かわく	kanji(alt:乾く)	渇く
366	かわら	kanji(alt:河原/川原)	瓦
367	がんか	kanji(alt:眼下)	眼科
368	かんけい	kanji	関係
369	かんこう	kanji(alt:慣行/刊行/敢行)	観光
370	かんしゃ	kanji(alt:官舎)	感謝
371	かんそう	kanji(alt:乾燥/完走/歓送)	感想
372	かんたん	kanji(alt:感嘆)	簡単
373	かんち	kanji(alt:関知/感知)	完治
374	がんばる	kanji	頑張る
375	きあい	kanji	気合
376	きあつ	kanji	気圧
377	きいろ	kanji	黄色
378	ぎいん	kanji(alt:議院)	議員
379	きうい	katakana	キウイ
380	きうん	kanji	機運
381	きえる	kanji	消える
382	きおう	kanji(alt:既往)	気負う
383	きおく	kanji	記憶
384	きおち	kanji	気落ち
385	きおん	kanji	気温
386	きかい	kanji(alt:機械/器械/奇怪)	機会
387	きかく	kanji(alt:規格)	企画
388	きかんしゃ	kanji	機関車
389	ききて	kanji	聞き手
390	きくばり	kanji	気配り
391	きくらげ	kanji	木耳
392	きけんせい	kanji	危険性
393	きこう	kanji(alt:気候/寄港/紀行)	機構
394	きこえる	kanji	聞こえる
395	きこく	kanji	帰国
396	きさい	kanji(alt:起債/鬼才)	記載
397	きさく	kanji	気さく
398	きさま	kanji	貴様
399	きさらぎ	kanji	如月
400	ぎじかがく	override	疑似科学
401	ぎしき	kanji	儀式
402	ぎじたいけん	kanji	疑似体験
403	ぎじにってい	kanji	議事日程
404	ぎじゅつしゃ	kanji	技術者
405	きすう	kanji(alt:基数)	奇数
406	きせい	kanji(alt:既成/棋聖/気勢)	規制
407	きせき	kanji(alt:軌跡)	奇跡
408	きせつ	kanji(alt:既設)	季節
409	きそう	kanji(alt:寄贈/競う)	起草
410	きぞく	kanji(alt:帰属)	貴族
411	きぞん	kanji	既存
412	きたえる	kanji	鍛える
413	きちょう	kanji(alt:基調/機長/記帳)	貴重
414	きつえん	kanji	喫煙
415	ぎっちり	kana:no-eligible	ぎっちり
416	きつつき	override	キツツキ
417	きつね	override	キツネ
418	きてい	kanji(alt:既定/規程/基底)	規定
419	きどう	kanji(alt:機動/起動/気道)	軌道
420	きどく	override	既読
421	きない	kanji(alt:畿内)	機内
422	きなが	kanji	気長
423	きなこ	override	きな粉
424	きぬごし	kanji	絹ごし
425	きねん	kanji(alt:祈念)	記念
426	きのう	kanji(alt:昨日)	機能
427	きのした	kana:no-eligible	きのした
428	きはく	kanji(alt:希薄)	気迫
429	きびしい	kanji	厳しい
430	きひん	kanji(alt:貴賓)	気品
431	きふく	kanji	起伏
432	きぶん	kanji	気分
433	きぼう	kanji	希望
434	きほん	kanji	基本
435	きまる	kanji	決まる
436	きみつ	kanji(alt:気密)	機密
437	きむずかしい	kanji	気難しい
438	きめる	kanji	決める
439	きもだめし	override	肝試し
440	きもち	kanji	気持ち
441	きもの	kanji	着物
442	きゃく	kanji	客
443	きやく	kanji	規約
444	ぎゅうにく	kanji	牛肉
445	きよう	kanji(alt:器用)	起用
446	きょうりゅう	kanji	恐竜
447	きらい	kanji(alt:機雷)	嫌い
448	きらく	kanji	気楽
449	きりん	kanji	貴輪
450	きれい	kanji	奇麗
451	きれつ	kanji	亀裂
452	きろく	kanji	記録
453	ぎろん	kanji	議論
454	きわめる	kanji	極める
455	ぎんいろ	kanji	銀色
456	きんかくじ	kanji	金閣寺
457	きんじょ	kanji	近所
458	きんようび	kanji	金曜日
459	ぐあい	kanji	具合
460	くいず	katakana	クイズ
461	くうかん	kanji	空間
462	くうき	kanji	空気
463	くうぐん	kanji	空軍
464	くうこう	kanji	空港
465	ぐうせい	kanji	偶成
466	くうそう	kanji	空想
467	ぐうたら	kana:no-eligible	ぐうたら
468	くうふく	kanji	空腹
469	くうぼ	kanji	空母
470	くかん	kanji	区間
471	くきょう	kanji	苦境
472	くげん	kanji	苦言
473	ぐこう	kanji	愚行
474	くさい	kanji	臭い
475	くさき	kanji	草木
476	くさばな	kanji	草花
477	くさる	kanji	腐る
478	くしゃみ	kanji-name	苦沙弥
479	くしょう	kanji	苦笑
480	くすのき	kanji-name	久寿軒
481	くすりゆび	kanji	薬指
482	くせげ	override	くせ毛
483	くせん	kanji	苦戦
484	ぐたいてき	kanji	具体的
485	くださる	kanji	下さる
486	くたびれる	kana:no-eligible	くたびれる
487	くちこみ	kanji	口コミ
488	くちさき	kanji	口先
489	くつした	kanji	靴下
490	ぐっすり	kana:no-eligible	ぐっすり
491	くつろぐ	kanji	寛ぐ
492	くとうてん	kanji	句読点
493	くどく	kanji	口説く
494	くなん	kanji	苦難
495	くねくね	kana:no-eligible	くねくね
496	くのう	kanji(alt:効能)	苦悩
497	くふう	kanji	工夫
498	くみあわせ	kanji(alt:組合わせ/組み合わせ)	組合せ
499	くみたてる	kanji	組み立てる
500	くめる	kana:no-eligible	くめる
501	くやくしょ	kanji	区役所
502	くらす	kanji	暮らす
503	くらべる	kanji	比べる
504	くるま	kanji	車
505	くれる	kanji	暮れる
506	くろう	kanji	苦労
507	くわしい	kanji	詳しい
508	ぐんかん	kanji	軍艦
509	ぐんしょく	kanji	軍職
510	ぐんたい	kanji	軍隊
511	ぐんて	kanji	軍手
512	けあな	kanji	毛穴
513	けいかく	kanji	計画
514	けいけん	kanji	経験
515	けいこ	kanji	稽古
516	けいさつ	kanji	警察
517	げいじゅつ	kanji	芸術
518	けいたい	kanji(alt:携帯)	形態
519	げいのうじん	kanji	芸能人
520	けいれき	kanji	経歴
521	けいろ	kanji	経路
522	けおとす	override	蹴落とす
523	けおりもの	override	毛織物
524	げきか	kanji(alt:劇化)	激化
525	げきげん	kanji	激減
526	げきだん	kanji	劇団
527	げきちん	kanji	撃沈
528	げきとつ	kanji	激突
529	げきは	kanji	撃破
530	げきやく	kanji	劇薬
531	げこう	kanji	下校
532	げこくじょう	kanji	下克上
533	げざい	kanji	下剤
534	けさき	kanji	毛先
535	げざん	kanji	下山
536	けしき	kanji	景色
537	けしごむ	kanji	消しゴム
538	けしょう	kanji	化粧
539	げすと	katakana	ゲスト
540	けたば	kanji	毛束
541	けちゃっぷ	katakana	ケチャップ
542	けちらす	kanji	蹴散らす
543	けつあつ	kanji	血圧
544	けつい	kanji	決意
545	けつえき	kanji	血液
546	けっこん	kanji(alt:血痕)	結婚
547	けつじょ	kanji	欠如
548	けっせき	kanji(alt:結石)	欠席
549	けってい	kanji	決定
550	けつまつ	kanji	結末
551	げつようび	kanji	月曜日
552	げつれい	kanji	月例
553	けつろん	kanji	結論
554	げどく	override	解毒
555	けとばす	override	蹴飛ばす
556	けとる	katakana	ケトル
557	けなげ	kanji	健気
558	けなす	kana:no-eligible	けなす
559	けなみ	kanji	毛並み
560	けぬき	kanji	毛抜き
561	げねつ	kanji	解熱
562	けねん	kanji	懸念
563	けはい	kanji	気配
564	げひん	kanji	下品
565	けぶかい	override	毛深い
566	げぼく	kanji	下僕
567	けまり	kanji	蹴まり
568	けみかる	katakana	ケミカル
569	けむし	kanji	毛虫
570	けむり	kanji	煙
571	けもの	kanji	獣
572	けらい	kanji	家来
573	けろけろ	kana:no-eligible	けろけろ
574	けわしい	kanji	険しい
575	けんい	kanji	権威
576	けんえつ	kanji	検閲
577	けんお	kanji	嫌悪
578	けんか	kanji(alt:県下)	献花
579	げんき	kanji	元気
580	けんげん	kanji	権限
581	けんこう	kanji	健康
582	けんさく	kanji	検索
583	けんしゅう	kanji	研修
584	けんすう	kanji(alt:間数)	件数
585	げんそう	kanji	幻想
586	けんちく	kanji	建築
587	けんてい	kanji	検定
588	けんとう	kanji(alt:健闘/見当)	検討
589	けんない	kanji(alt:圏内)	県内
590	けんにん	kanji	兼任
591	げんぶつ	kanji	現物
592	けんま	kanji	研磨
593	けんみん	kanji	県民
594	けんめい	kanji(alt:賢明)	懸命
595	けんらん	override	絢爛
596	けんり	kanji	権利
597	こあくま	kanji	小悪魔
598	こいぬ	kanji	子犬
599	こいびと	kanji	恋人
600	ごうい	kanji	合意
601	こうえん	kanji(alt:公演/公園/後援)	講演
602	こうおん	kanji(alt:高音)	高温
603	こうかん	kanji(alt:高官/好感/公館)	交換
604	ごうきゅう	kanji	号泣
605	ごうけい	kanji	合計
606	こうこう	kanji(alt:航行/孝行/坑口)	高校
607	こうさい	kanji(alt:交際/公債/後妻)	高裁
608	こうじ	kanji(alt:公示/子牛/小路)	工事
609	こうすい	kanji(alt:降水)	香水
610	ごうせい	kanji(alt:豪勢)	合成
611	こうそく	kanji(alt:拘束/校則/梗塞)	高速
612	こうたい	kanji(alt:後退/抗体/交替)	交代
613	こうちゃ	kanji	紅茶
614	こうつう	kanji	交通
615	こうてい	kanji(alt:肯定/皇帝/工程)	公邸
616	こうどう	kanji(alt:講堂/公道/坑道)	行動
617	こうない	kanji(alt:校内/港内/坑内)	構内
618	こうはい	kanji(alt:荒廃/交配/高配)	後輩
619	ごうほう	kanji(alt:豪放/号砲)	合法
620	ごうまん	kanji	傲慢
621	こうもく	kanji	項目
622	こうりつ	kanji(alt:公立/高率)	効率
623	こえる	kanji(alt:肥える/超える)	越える
624	こおり	kanji(alt:郡)	氷
625	ごかい	kanji	誤解
626	ごがつ	kanji	五月
627	ごかん	kanji(alt:五感/語感)	互換
628	こくご	kanji	国語
629	こくさい	kanji(alt:国債)	国際
630	こくとう	kanji	黒糖
631	こくない	kanji	国内
632	こくはく	kanji(alt:黒白)	告白
633	こぐま	override	子熊
634	こけい	kanji	固形
635	こける	kana:ambiguous(倒ける/痩ける/転ける)	こける
636	ここのか	kanji	九日
637	こころ	kanji	心
638	こさめ	kanji	小雨
639	こしつ	kanji(alt:固執)	個室
640	こすう	kanji(alt:個数)	戸数
641	こせい	kanji(alt:呼び声)	個性
642	こせき	kanji	戸籍
643	こぜん	kana:no-eligible	こぜん
644	こそだて	kanji	子育て
645	こたい	kanji(alt:固体)	個体
646	こたえる	kanji(alt:答える)	応える
647	こたつ	kana:no-eligible	こたつ
648	こちょう	kanji	誇張
649	こっか	kanji(alt:国歌/国花)	国家
650	こつこつ	kana:no-eligible	こつこつ
651	こつばん	kanji	骨盤
652	こつぶ	kanji	小粒
653	こてい	kanji(alt:湖底)	固定
654	こてん	kanji(alt:個展)	古典
655	ことがら	kanji	事柄
656	ことし	kanji	今年
657	ことば	kanji	言葉
658	ことり	kanji	小鳥
659	こなごな	kanji	粉粉
660	こねこね	kana:no-eligible	こねこね
661	このまま	kana:no-eligible	このまま
662	このみ	kanji(alt:木の実)	好み
663	このよ	kanji	この世
664	ごはん	kanji(alt:ご飯/誤判)	御飯
665	こひつじ	kanji(alt:子羊)	小羊
666	こふう	kanji	古風
667	こふん	kanji	古墳
668	こぼれる	kanji	零れる
669	ごまあぶら	override	ごま油
670	こまかい	kanji	細かい
671	ごますり	kana:no-eligible	ごますり
672	こまつな	kanji	小松菜
673	こまる	kanji	困る
674	こむぎこ	kanji	小麦粉
675	こもじ	kanji	小文字
676	こもち	kanji	子持ち
677	こもの	kanji	小物
678	こもん	kanji	顧問
679	こやく	kanji	子役
680	こやま	kanji	小山
681	こゆう	kanji	固有
682	こゆび	kanji	小指
683	こよい	kanji	今宵
684	こよう	kanji	雇用
685	こりる	kanji	懲りる
686	これくしょん	katakana	コレクション
687	ころっけ	katakana	コロッケ
688	こわもて	override	強面
689	こわれる	kanji	壊れる
690	こんいん	kanji	婚姻
691	こんかい	kanji	今回
692	こんき	kanji(alt:今期/根気)	今季
693	こんしゅう	kanji(alt:今秋)	今週
694	こんすい	override	昏睡
695	こんだて	kanji	献立
696	こんとん	kanji	混とん
697	こんなん	kanji	困難
698	こんびに	katakana	コンビニ
699	こんぽん	kanji	根本
700	こんまけ	kanji	根負け
701	こんや	kanji(alt:紺屋)	今夜
702	こんれい	kanji	婚礼
703	こんわく	kanji	困惑
704	ざいえき	kanji	在役
705	さいかい	kanji(alt:再会/際会)	再開
706	さいきん	kanji(alt:細菌)	最近
707	ざいげん	kanji	財源
708	ざいこ	kanji	在庫
709	さいしょ	kanji	最初
710	さいせい	kanji	再生
711	ざいたく	kanji	在宅
712	ざいちゅう	kanji	在中
713	さいてき	kanji	最適
714	ざいりょう	kanji	材料
715	さうな	katakana	サウナ
716	さかいし	kana:no-eligible	さかいし
717	さがす	kanji(alt:捜す)	探す
718	さかな	kanji	魚
719	さかみち	kanji	坂道
720	さがる	kanji	下がる
721	さぎょう	kanji	作業
722	さくし	kanji(alt:作詩/策士)	作詞
723	さくひん	kanji	作品
724	さくら	kanji	桜
725	さこく	kanji	鎖国
726	さこつ	kanji	鎖骨
727	さずかる	kanji	授かる
728	ざせき	kanji	座席
729	さたん	katakana	サタン
730	さつえい	kanji	撮影
731	ざつおん	kanji	雑音
732	ざっか	kanji	雑貨
733	ざつがく	kanji	雑学
734	さっきょく	kanji	作曲
735	ざっし	kanji	雑誌
736	さつじん	kanji(alt:殺陣)	殺人
737	ざっそう	kanji	雑草
738	さつたば	kanji	札束
739	さつまいも	kanji	さつま芋
740	さてい	kanji	査定
741	さといも	kanji	里芋
742	さとう	kanji(alt:左党)	砂糖
743	さとおや	kanji	里親
744	さとし	kanji	諭し
745	さとる	kanji	悟る
746	さのう	override	左脳
747	さばく	kanji(alt:裁く)	砂漠
748	さびしい	override	寂しい
749	さべつ	kanji	差別
750	さほう	kanji(alt:左方)	作法
751	さほど	kana:ambiguous(左程/然程)	さほど
752	さます	kanji(alt:冷ます)	覚ます
753	さみしい	override	淋しい
754	さみだれ	kanji	五月雨
755	さむけ	kanji	寒気
756	さめる	kanji(alt:覚める)	冷める
757	さやえんどう	kana:no-eligible	さやえんどう
758	さゆう	kanji	左右
759	さよう	kanji	作用
760	さよく	kanji	左翼
761	さらだ	katakana	サラダ
762	ざるそば	kana:no-eligible	ざるそば
763	さわやか	kanji	爽やか
764	さわる	kanji(alt:障る)	触る
765	さんいん	kanji(alt:山陰/産院)	参院
766	さんか	kanji(alt:酸化/傘下/産科)	参加
767	さんきゃく	kanji	三脚
768	さんこう	kanji(alt:三校)	参考
769	さんさい	kanji	山菜
770	ざんしょ	kanji	残暑
771	さんすう	kanji	算数
772	さんせい	kanji(alt:酸性/三省)	賛成
773	さんそ	kanji	酸素
774	さんち	kanji(alt:山地)	産地
775	さんま	override	秋刀魚
776	さんみ	kanji	酸味
777	さんらん	kanji(alt:散乱)	産卵
778	しあい	kanji	試合
779	しあげ	kanji	仕上げ
780	しあさって	kanji	明明後日
781	しあわせ	kanji	幸せ
782	しいく	kanji	飼育
783	しいん	kanji(alt:試飲/子音)	死因
784	しうち	kanji	仕打ち
785	しえい	kanji(alt:私営)	市営
786	しおけ	override	塩気
787	しかい	kanji(alt:視界/歯科医/市会)	司会
788	しかく	kanji(alt:視覚/四角/死角)	資格
789	じかん	kanji(alt:次官)	時間
790	しごと	kanji	仕事
791	しすう	kanji	指数
792	じだい	kanji(alt:次代/地代)	時代
793	したうけ	kanji	下請け
794	したぎ	kanji	下着
795	したて	kanji(alt:下手)	仕立て
796	したみ	kanji	下見
797	しちょう	kanji(alt:視聴/思潮/支庁)	市長
798	しちりん	override	七輪
799	しっかり	kanji	確り
800	しつじ	kanji	執事
801	しつもん	kanji	質問
802	してい	kanji(alt:私邸/視聴/子弟)	指定
803	してき	kanji(alt:私的/詩的)	指摘
804	してつ	kanji	私鉄
805	じてん	kanji(alt:辞典/事典/次点)	時点
806	じどう	kanji(alt:自動)	児童
807	しなぎれ	kanji	品切れ
808	しなもの	kanji	品物
809	しなん	kanji(alt:指南)	至難
810	しねま	katakana	シネマ
811	しねん	kanji	思念
812	しのぐ	override	凌ぐ
813	しのぶ	kanji	忍ぶ
814	しはい	kanji(alt:賜杯)	支配
815	しばかり	override	芝刈り
816	しはつ	kanji	始発
817	しはらい	kanji(alt:支払)	支払い
818	しはん	kanji(alt:師範)	市販
819	しひょう	kanji(alt:死票)	指標
820	しふく	kanji(alt:至福/私腹)	私服
821	じぶん	kanji(alt:時分)	自分
822	しへい	kanji(alt:私兵)	紙幣
823	しほう	kanji(alt:四方/至宝/私法)	司法
824	しほん	kanji(alt:四本)	資本
825	しまう	kana:ambiguous(了う/仕舞う/終う/蔵う)	しまう
826	しまる	kanji(alt:締まる)	閉まる
827	しみん	kanji	市民
828	しむける	kanji	仕向ける
829	じむしょ	kanji	事務所
830	しめい	kanji(alt:指名/使命)	氏名
831	しめる	kanji(alt:閉める/湿る/占める)	締める
832	しもん	kanji(alt:指紋)	諮問
833	しゃいん	kanji	社員
834	しゃうん	kanji	社運
835	しゃおん	override	遮音
836	じゃがいも	kanji	じゃが芋
837	しやくしょ	kanji	市役所
838	しゃくほう	kanji	釈放
839	しゃけん	kanji(alt:車券)	車検
840	しゃこ	kanji	車庫
841	しゃざい	kanji	謝罪
842	しゃしん	kanji	写真
843	しゃせん	kanji	車線
844	しゃそう	kanji(alt:車窓)	社葬
845	しゃたい	kanji(alt:斜体)	車体
846	しゃちょう	kanji	社長
847	しゃっきん	kanji	借金
848	じゃま	kanji	邪魔
849	しゃりん	kanji	車輪
850	しゃれい	kanji	謝礼
851	じゆう	kanji(alt:事由)	自由
852	じゅうしょ	kanji	住所
853	しゅくはく	kanji	宿泊
854	じゅしん	kanji(alt:受診)	受信
855	しゅっせき	kanji	出席
856	しゅみ	kanji	趣味
857	しゅらば	kanji	修羅場
858	じゅんばん	kanji	順番
859	しょうかい	kanji(alt:照会/商会)	紹介
860	しょくたく	kanji(alt:嘱託)	食卓
861	しょっけん	kanji(alt:食券)	職権
862	しょどう	kanji	書道
863	しょもつ	kanji	書物
864	しらせる	kanji	知らせる
865	しらべる	kanji	調べる
866	しんか	kanji(alt:真価/深化)	進化
867	しんこう	kanji(alt:進行/侵攻/信仰)	振興
868	じんじゃ	kanji	神社
869	しんせいじ	kanji	新生児
870	しんちく	kanji	新築
871	しんりん	kanji	森林
872	すあげ	override	素揚げ
873	すあし	kanji	素足
874	すあな	override	巣穴
875	ずあん	kanji	図案
876	すいえい	kanji	水泳
877	すいか	katakana	スイカ
878	すいとう	kanji(alt:出納/水筒)	水稲
879	ずいぶん	kanji	随分
880	すいようび	kanji	水曜日
881	すうがく	kanji	数学
882	すうじつ	kanji	数日
883	すうせん	kanji	数千
884	すおどり	kana:no-eligible	すおどり
885	すきま	kanji	隙間
886	すくう	kanji(alt:巣くう)	救う
887	すくない	kanji	少ない
888	すける	kanji	透ける
889	すごい	kanji	凄い
890	すこし	kanji	少し
891	ずさん	kana:no-eligible	ずさん
892	すずしい	kanji	涼しい
893	すすむ	kanji	進む
894	すすめる	kanji(alt:進める/薦める)	勧める
895	すっかり	kana:no-eligible	すっかり
896	ずっしり	kana:no-eligible	ずっしり
897	ずっと	kana:no-eligible	ずっと
898	すてき	kanji	素敵
899	すてる	kanji	捨てる
900	すねる	override	拗ねる
901	すのこ	kana:no-eligible	すのこ
902	すはだ	kanji	素肌
903	すばらしい	kanji	素晴らしい
904	ずひょう	kanji	図表
905	ずぶぬれ	override	ずぶ濡れ
906	すぶり	kanji	素振り
907	すふれ	katakana	スフレ
908	すべて	kanji	全て
909	すべる	kanji	滑る
910	ずほう	override	図法
911	すぼん	kanji-name	秀峰
912	すまい	override	住まい
913	すめし	kanji	酢飯
914	すもう	override	相撲
915	すやき	kanji	素焼き
916	すらすら	kana:no-eligible	すらすら
917	するめ	kanji	寿留女
918	すれちがう	override	すれ違う
919	すろっと	katakana	スロット
920	すわる	kanji	座る
921	すんぜん	kanji	寸前
922	すんぽう	kanji	寸法
923	せあぶら	override	背脂
924	せいかつ	kanji	生活
925	せいげん	kanji	制限
926	せいじ	kanji(alt:盛時)	政治
927	せいよう	kanji(alt:静養)	西洋
928	せおう	kanji	背負う
929	せかいかん	kanji	世界観
930	せきにん	kanji	責任
931	せきむ	kanji(alt:夕霧)	責務
932	せきゆ	kanji	石油
933	せきらんうん	kanji	積乱雲
934	せけん	kanji	世間
935	せこう	kanji(alt:施工)	施行
936	せすじ	kanji	背筋
937	せたい	kanji	世帯
938	せたけ	kanji	背丈
939	せっかく	kanji	折角
940	せっきゃく	kanji	接客
941	ぜっく	kanji	絶句
942	せっけん	kanji(alt:席巻/石けん)	接見
943	せっこつ	kanji	接骨
944	せっさたくま	override	切磋琢磨
945	せつぞく	kanji	接続
946	せつだん	kanji	切断
947	せつでん	kanji	節電
948	せっぱん	kanji	折半
949	せつび	kanji	設備
950	せつぶん	kanji	節分
951	せつめい	kanji	説明
952	せつりつ	kanji	設立
953	せなか	kanji	背中
954	せのび	kanji	背伸び
955	せはば	kanji	背幅
956	せびろ	kanji	背広
957	せぼね	kanji	背骨
958	せまい	kanji	狭い
959	せまる	kanji	迫る
960	せめる	kanji(alt:責める)	攻める
961	せもたれ	kanji	背もたれ
962	せりふ	kanji	台詞
963	ぜんあく	kanji	善悪
964	せんい	kanji(alt:戦意)	繊維
965	せんえい	kanji	先鋭
966	せんか	kanji(alt:戦果/戦禍/専科)	戦火
967	せんきょ	kanji(alt:占拠)	選挙
968	せんく	kanji	先駆
969	せんげん	kanji	宣言
970	ぜんご	kanji	前後
971	せんさい	kanji(alt:戦災/先妻)	繊細
972	せんしゅ	kanji(alt:先取/船主/船首)	選手
973	せんすい	kanji(alt:泉水)	潜水
974	せんせい	kanji(alt:先制/宣誓/専制)	先生
975	せんぞ	kanji	先祖
976	せんたく	kanji(alt:洗濯)	選択
977	せんちょう	kanji	船長
978	せんてい	kanji(alt:船底)	選定
979	せんとう	kanji(alt:先頭/銭湯)	戦闘
980	せんぬき	kanji	栓抜き
981	せんねん	kanji(alt:先年)	専念
982	せんぱい	kanji(alt:戦敗)	先輩
983	ぜんぶ	kanji(alt:前部)	全部
984	ぜんぽう	kanji	前方
985	せんむ	kanji	専務
986	せんめんじょ	kanji	洗面所
987	せんもん	kanji	専門
988	せんやく	override	先約
989	せんゆう	kanji(alt:占有/専有)	戦友
990	せんよう	kanji	専用
991	ぜんら	kanji	全裸
992	ぜんりゃく	kanji	前略
993	せんれい	kanji(alt:先例)	洗礼
994	せんろ	kanji	線路
995	そあく	kanji	粗悪
996	そいとげる	override	添い遂げる
997	そいね	override	添い寝
998	そうがんきょう	kanji	双眼鏡
999	そうき	kanji(alt:想起)	早期
1000	そうご	kanji	相互
1001	そうしん	kanji(alt:痩身)	送信
1002	そうだん	kanji	相談
1003	そうなん	kanji	遭難
1004	そうび	kanji	装備
1005	そうめん	override	素麺
1006	そうり	kanji	総理
1007	そえもの	kanji	添え物
1008	そえん	kanji	疎遠
1009	そがい	kanji(alt:疎外)	阻害
1010	そげき	kanji	狙撃
1011	そこう	kanji(alt:素行)	粗鋼
1012	そこそこ	kana:no-eligible	そこそこ
1013	そざい	kanji	素材
1014	そしな	kanji	粗品
1015	そせい	kanji(alt:素性)	組成
1016	そせん	kanji	祖先
1017	そそぐ	kanji	注ぐ
1018	そだてる	kanji	育てる
1019	そつう	kanji	疎通
1020	そつえん	override	卒園
1021	そっかん	override	速乾
1022	そつぎょう	kanji	卒業
1023	そっけつ	kanji	即決
1024	そっこう	kanji(alt:即効/側溝)	速攻
1025	そっせん	kanji	率先
1026	そっと	kanji	率土
1027	そとがわ	kanji	外側
1028	そとづら	kanji	外面
1029	そなえる	kanji(alt:供える)	備える
1030	そなた	katakana	ソナタ
1031	そふぼ	kanji	祖父母
1032	そぼく	kanji	素朴
1033	そぼろ	kana:no-eligible	そぼろ
1034	そまつ	kanji	粗末
1035	そまる	kanji	染まる
1036	そむく	kanji	背く
1037	そむりえ	katakana	ソムリエ
1038	そめる	kanji(alt:初める)	染める
1039	そもそも	kana:ambiguous(抑/抑も/抑抑)	そもそも
1040	そよかぜ	kanji(alt:微風)	そよ風
1041	そらまめ	override	そら豆
1042	そろう	override	揃う
1043	そんかい	kanji(alt:村会)	損壊
1044	そんけい	kanji	尊敬
1045	そんざい	kanji	存在
1046	そんしつ	kanji	損失
1047	そんぞく	kanji(alt:尊属)	存続
1048	そんちょう	kanji(alt:村長)	尊重
1049	ぞんび	katakana	ゾンビ
1050	ぞんぶん	kanji	存分
1051	そんみん	kanji	村民
1052	たあい	kanji	他愛
1053	たいいん	kanji(alt:退院)	隊員
1054	たいうん	kana:no-eligible	たいうん
1055	たいえき	kanji(alt:体液)	退役
1056	たいおう	kanji	対応
1057	だいがく	kanji	大学
1058	たいき	kanji(alt:待機/大器)	大気
1059	たいぐう	kanji	待遇
1060	たいけん	kanji	体験
1061	たいこ	kanji(alt:太古)	太鼓
1062	たいざい	kanji	滞在
1063	だいじょうぶ	kanji	大丈夫
1064	だいすき	kanji	大好き
1065	たいせつ	kanji(alt:大雪)	大切
1066	たいそう	kanji(alt:大層/大喪)	体操
1067	だいたい	kanji(alt:大隊/大体)	代替
1068	たいちょう	kanji(alt:隊長/体長/退潮)	体調
1069	たいてい	kanji(alt:大帝)	大抵
1070	だいどころ	kanji	台所
1071	たいない	kanji(alt:胎内/対内)	体内
1072	たいねつ	kanji	耐熱
1073	たいのう	kanji	滞納
1074	たいはん	kanji	大半
1075	だいひょう	kanji	代表
1076	たいふう	kanji	台風
1077	たいへん	kanji	大変
1078	たいほ	kanji	逮捕
1079	たいまつばな	kanji	松明花
1080	たいみんぐ	katakana	タイミング
1081	たいむ	kanji	隊務
1082	たいめん	kanji(alt:体面)	対面
1083	たいやき	override	たい焼き
1084	たいよう	kanji(alt:大洋)	太陽
1085	たいら	kanji	平ら
1086	たいりょく	kanji	体力
1087	たいる	katakana	タイル
1088	たいわん	kanji	台湾
1089	たうえ	kanji	田植え
1090	たえる	kanji(alt:絶える/堪える)	耐える
1091	たおす	kanji	倒す
1092	たおる	katakana	タオル
1093	たおれる	kanji	倒れる
1094	たかい	kanji(alt:他界)	高い
1095	たかね	kanji(alt:高音)	高値
1096	たきび	override	焚き火
1097	たくさん	kanji	沢山
1098	たこく	kanji	他国
1099	たこやき	kanji	たこ焼き
1100	たさい	kanji(alt:多才)	多彩
1101	たしざん	kanji	足し算
1102	だじゃれ	override	ダジャレ
1103	たすける	kanji	助ける
1104	たずさわる	kanji	携わる
1105	たそがれ	kanji	誰そ彼
1106	たたかう	kanji(alt:戦う)	闘う
1107	たたく	override	叩く
1108	ただしい	kanji	正しい
1109	たたみ	kanji	畳
1110	たちばな	override	橘
1111	だっかい	kanji(alt:脱会)	奪回
1112	だっきゃく	kanji	脱却
1113	だっこ	kanji	抱っこ
1114	だっしゅつ	kanji	脱出
1115	だったい	kanji	脱退
1116	たてる	kanji(alt:建てる)	立てる
1117	たとえる	kanji	例える
1118	たなばた	kanji	七夕
1119	たにん	kanji	他人
1120	たぬき	kanji-name	田貫
1121	たのしみ	kanji	楽しみ
1122	たはつ	kanji	多発
1123	たぶん	kanji	多分
1124	たべる	kanji	食べる
1125	たぼう	kanji	多忙
1126	たまご	kanji(alt:玉子)	卵
1127	たまる	kana:ambiguous(堪まる/堪る/貯まる)	たまる
1128	だむる	kana:no-eligible	だむる
1129	ためいき	kanji	ため息
1130	ためす	kanji	試す
1131	ためる	kana:ambiguous(矯める/貯める)	ためる
1132	たもつ	kanji	保つ
1133	たやすい	kanji	容易い
1134	たよる	kanji	頼る
1135	たらす	kanji	垂らす
1136	たりきほんがん	kanji	他力本願
1137	たりょう	kanji	多量
1138	たりる	kanji	足りる
1139	たると	katakana	タルト
1140	たれる	kanji	垂れる
1141	たれんと	katakana	タレント
1142	たろっと	katakana	タロット
1143	たわむれる	kanji	戯れる
1144	だんあつ	kanji	弾圧
1145	たんい	kanji	単位
1146	たんおん	override	単音
1147	たんか	kanji(alt:単価/担架/炭化)	短歌
1148	たんき	kanji(alt:短気)	短期
1149	たんけん	kanji	探検
1150	たんご	kanji(alt:端午)	単語
1151	たんさん	kanji(alt:炭酸)	単産
1152	たんじょうび	kanji	誕生日
1153	だんせい	kanji(alt:弾性/男声)	男性
1154	たんそく	kanji	嘆息
1155	たんたい	kanji	単体
1156	だんち	kanji(alt:暖地)	団地
1157	たんてい	kanji	探偵
1158	たんとう	kanji(alt:短刀)	担当
1159	だんな	kanji	旦那
1160	たんにん	kanji	担任
1161	だんねつ	kanji	断熱
1162	たんのう	kanji	堪能
1163	たんぴん	kanji	単品
1164	だんぼう	kanji	暖房
1165	たんまつ	kanji	端末
1166	たんめい	kanji	短命
1167	だんれつ	kanji	断裂
1168	だんろ	kanji	暖炉
1169	だんわ	kanji	談話
1170	ちあい	override	血合い
1171	ちあん	kanji	治安
1172	ちいき	kanji	地域
1173	ちいさい	kanji	小さい
1174	ちえん	kanji(alt:地縁)	遅延
1175	ちかい	kanji(alt:誓い)	近い
1176	ちから	kanji	力
1177	ちきゅう	kanji	地球
1178	ちきん	kanji	遅筋
1179	ちけいず	kanji	地形図
1180	ちけん	kanji(alt:治験/知見)	地検
1181	ちこく	kanji	遅刻
1182	ちさい	kanji	地裁
1183	ちしき	kanji	知識
1184	ちしりょう	kanji	致死量
1185	ちせい	kanji(alt:地勢)	知性
1186	ちそう	kanji	地層
1187	ちたい	kanji(alt:遅滞)	地帯
1188	ちたん	katakana	チタン
1189	ちちおや	kanji	父親
1190	ちつじょ	kanji	秩序
1191	ちてき	kanji	知的
1192	ちてん	kanji	地点
1193	ちぬき	kanji	血抜き
1194	ちぬり	override	血塗り
1195	ちのう	kanji	知能
1196	ちひょう	kanji	地表
1197	ちへいせん	kanji	地平線
1198	ちほう	kanji	地方
1199	ちまた	kanji	岐
1200	ちみつ	kanji	緻密
1201	ちみどろ	override	血みどろ
1202	ちめいど	kanji	知名度
1203	ちゃんこなべ	kanji	ちゃんこ鍋
1204	ちゅうい	kanji(alt:中尉/中位)	注意
1205	ちゆりょく	override	治癒力
1206	ちょうし	kanji(alt:長子)	調子
1207	ちょさくけん	kanji	著作権
1208	ちらし	kanji	散らし
1209	ちらみ	override	チラ見
1210	ちりがみ	kanji	ちり紙
1211	ちりょう	kanji	治療
1212	ちるど	katakana	チルド
1213	ちわわ	katakana	チワワ
1214	ちんたい	kanji(alt:沈滞)	賃貸
1215	ちんもく	kanji	沈黙
1216	ついか	kanji	追加
1217	ついたち	kanji	一日
1218	つうか	kanji(alt:通過)	通貨
1219	つうじょう	kanji	通常
1220	つうはん	kanji	通販
1221	つうわ	kanji	通話
1222	つかう	kanji	使う
1223	つかれる	kanji	疲れる
1224	つくね	kana:no-eligible	つくね
1225	つくる	kanji(alt:造る/創る)	作る
1226	つけね	kanji	付け根
1227	つける	kanji(alt:着ける/点ける/付ける)	漬ける
1228	つごう	kanji	都合
1229	つたえる	kanji	伝える
1230	つづく	kanji	続く
1231	つつじ	override	ツツジ
1232	つつむ	kanji	包む
1233	つとめる	kanji(alt:努める/勤める)	務める
1234	つながる	kanji	接続る
1235	つなみ	kanji	津波
1236	つねづね	kanji	常常
1237	つのる	kanji	募る
1238	つぶす	kanji	潰す
1239	つまらない	kanji	詰らない
1240	つまる	kanji	詰まる
1241	つみき	kanji	積み木
1242	つめたい	kanji	冷たい
1243	つもり	kanji	積もり
1244	つもる	kanji	積もる
1245	つよい	kanji	強い
1246	つるぼ	kana:no-eligible	つるぼ
1247	つるみく	kanji-name	鶴見区
1248	つわもの	override	強者
1249	つわり	kanji	悪阻
1250	てあし	kanji	手足
1251	てあて	kanji(alt:手当て)	手当
1252	てあみ	override	手編み
1253	ていおん	kanji(alt:低音)	低温
1254	ていか	kanji(alt:定価)	低下
1255	ていき	kanji(alt:提起)	定期
1256	ていけい	kanji(alt:定型/定形)	提携
1257	ていこく	kanji(alt:定刻)	帝国
1258	ていさつ	kanji	偵察
1259	ていし	kanji(alt:弟子)	停止
1260	ていせい	kanji(alt:帝政)	訂正
1261	ていたい	kanji(alt:手痛い)	停滞
1262	ていど	kanji	程度
1263	ていねい	kanji	丁寧
1264	ていひょう	kanji	定評
1265	ていへん	kanji	底辺
1266	ていぼう	kanji	堤防
1267	てうち	kanji	手打ち
1268	ておくれ	kanji	手遅れ
1269	てきとう	kanji	適当
1270	てくび	kanji	手首
1271	でこぼこ	kanji	凸凹
1272	てさぎょう	kanji	手作業
1273	てさげ	kanji	手提げ
1274	てすり	kanji	手すり
1275	てそう	kanji	手相
1276	てちがい	kanji	手違い
1277	てちょう	kanji	手帳
1278	てつがく	kanji	哲学
1279	てつづき	kanji(alt:手続)	手続き
1280	でっぱ	kanji	出っ歯
1281	てつぼう	kanji	鉄棒
1282	てつや	kanji	徹夜
1283	でぬかえ	kana:no-eligible	でぬかえ
1284	てぬき	kanji	手抜き
1285	てぬぐい	kanji(alt:手拭い)	手ぬぐい
1286	てのひら	kanji(alt:掌)	手のひら
1287	てはい	kanji	手配
1288	てぶくろ	kanji	手袋
1289	てふだ	kanji	手札
1290	てほどき	override	手ほどき
1291	てほん	kanji	手本
1292	てまえ	kanji	手前
1293	てまきずし	override	手巻き寿司
1294	てみじか	kanji	手短
1295	てみやげ	kanji	手土産
1296	てらす	kanji	照らす
1297	てれび	katakana	テレビ
1298	てわけ	kanji	手分け
1299	てわたし	kanji	手渡し
1300	でんあつ	kanji	電圧
1301	てんいん	kanji	店員
1302	てんかい	kanji(alt:転回)	展開
1303	てんき	kanji(alt:転機)	天気
1304	てんぐ	kanji-name	天貢
1305	てんけん	kanji	点検
1306	てんごく	kanji	天国
1307	てんさい	kanji(alt:天災/転載)	天才
1308	てんし	kanji	天使
1309	てんすう	kanji	点数
1310	でんち	kanji	電池
1311	てんてき	kanji(alt:天敵)	点滴
1312	てんとう	kanji(alt:転倒/点灯)	店頭
1313	てんない	kanji	店内
1314	てんぷら	kanji	天ぷら
1315	てんぼうだい	kanji	展望台
1316	てんめつ	kanji	点滅
1317	てんらんかい	kanji	展覧会
1318	でんりょく	kanji	電力
1319	でんわ	kanji	電話
1320	どあい	kanji(alt:度合)	度合い
1321	といれ	katakana	トイレ
1322	どうかん	kanji	同感
1323	とうきゅう	kanji(alt:等級)	投球
1324	どうぐ	kanji	道具
1325	とうし	kanji(alt:闘志/闘士/凍死)	投資
1326	とうむぎ	kana:no-eligible	とうむぎ
1327	とおい	kanji	遠い
1328	とおか	kanji	十日
1329	とおく	kanji	遠く
1330	とおす	kanji	通す
1331	とおる	kanji	通る
1332	とかい	kanji	都会
1333	とかす	kanji	溶かす
1334	ときおり	kanji	時折
1335	ときどき	override	時々
1336	とくい	kanji(alt:特異)	得意
1337	とくしゅう	kanji	特集
1338	とくてん	kanji(alt:特典)	得点
1339	とくに	kanji	特に
1340	とくべつ	kanji	特別
1341	とけい	kanji	時計
1342	とける	kanji(alt:溶ける)	解ける
1343	とこや	kanji	床屋
1344	とさか	kanji	鶏冠
1345	としょかん	kanji	図書館
1346	とそう	kanji	塗装
1347	とたん	kanji	途端
1348	とちゅう	kanji	途中
1349	とっきゅう	kanji(alt:特級)	特急
1350	とっくん	kanji	特訓
1351	とつぜん	kanji	突然
1352	とつにゅう	kanji	突入
1353	とどける	kanji	届ける
1354	ととのえる	kanji	整える
1355	とない	kanji	都内
1356	となえる	kanji	唱える
1357	となり	kanji	隣
1358	とのさま	kanji	殿様
1359	とばす	kanji	飛ばす
1360	どぶがわ	override	どぶ川
1361	とほう	kanji	途方
1362	とまる	kanji(alt:泊まる/留まる)	止まる
1363	とめる	kanji(alt:止める)	泊める
1364	ともだち	kanji(alt:友だち)	友達
1365	ともる	override	灯る
1366	どようび	kanji	土曜日
1367	とらえる	kanji(alt:捉える/捕える)	捕らえる
1368	とんかつ	kanji	豚カツ
1369	どんぶり	kanji	丼
1370	ないかく	kanji(alt:内角)	内閣
1371	ないこう	kanji(alt:内航)	内向
1372	ないしょ	kanji	内緒
1373	ないす	katakana	ナイス
1374	ないせん	kanji(alt:内線)	内戦
1375	ないそう	kanji(alt:内奏)	内装
1376	なおす	kanji(alt:治す)	直す
1377	ながい	kanji(alt:長居)	長い
1378	なくす	kanji(alt:亡くす)	無くす
1379	なげる	kanji	投げる
1380	なこうど	kanji	仲人
1381	なさけ	kanji	情け
1382	なたでここ	katakana	ナタデココ
1383	なっとう	kanji	納豆
1384	なつやすみ	kanji	夏休み
1385	ななおし	kanji-name	七尾市
1386	なにごと	kanji	何事
1387	なにもの	kanji(alt:何物)	何者
1388	なにわ	kanji(alt:浪速)	難波
1389	なのか	kanji	七日
1390	なふだ	kanji	名札
1391	なまいき	kanji	生意気
1392	なまえ	kanji	名前
1393	なまみ	kanji	生身
1394	なみだ	kanji	涙
1395	なめらか	kanji	滑らか
1396	なめる	kanji	無礼る
1397	なやむ	kanji	悩む
1398	ならう	kanji(alt:習う)	倣う
1399	ならび	kanji	並び
1400	ならぶ	kanji	並ぶ
1401	なれる	kanji	慣れる
1402	なわとび	kanji	縄跳び
1403	なわばり	kanji	縄張り
1404	にあう	kanji	似合う
1405	にいがた	kanji	新潟
1406	にうけ	override	荷受け
1407	におい	kanji(alt:臭い)	匂い
1408	にかい	kanji(alt:二回)	二階
1409	にがて	kanji	苦手
1410	にきび	override	ニキビ
1411	にくしみ	kanji	憎しみ
1412	にくまん	kanji	肉まん
1413	にげる	kanji	逃げる
1414	にさんかたんそ	kanji	二酸化炭素
1415	にしき	kanji	錦
1416	にせもの	kanji	偽物
1417	にちじょう	kanji	日常
1418	にちようび	kanji	日曜日
1419	にっか	kanji	日課
1420	にっき	kanji	日記
1421	にっけい	kanji(alt:日系/日計)	日経
1422	にっこう	kanji	日光
1423	にっさん	kanji(alt:日参)	日産
1424	にっしょく	kanji	日食
1425	にっすう	kanji	日数
1426	にっせき	override	日赤
1427	にってい	kanji	日程
1428	になう	kanji	担う
1429	にほん	kanji	日本
1430	にまめ	kanji	煮豆
1431	にもつ	kanji	荷物
1432	にやり	kana:no-eligible	にやり
1433	にゅういん	kanji	入院
1434	にりんしゃ	kanji	二輪車
1435	にわとり	kanji	鶏
1436	にんい	kanji	任意
1437	にんか	kanji	認可
1438	にんき	kanji(alt:任期)	人気
1439	にんげん	kanji	人間
1440	にんしき	kanji	認識
1441	にんずう	kanji	人数
1442	にんそう	kanji	人相
1443	にんたい	kanji	忍耐
1444	にんち	kanji(alt:任地)	認知
1445	にんてい	kanji	認定
1446	にんにく	kanji	忍辱
1447	にんぷ	kanji	妊婦
1448	にんまり	kana:no-eligible	にんまり
1449	にんむ	kanji	任務
1450	にんめい	kanji	任命
1451	にんよう	kanji(alt:認容)	任用
1452	ぬいくぎ	kana:no-eligible	ぬいくぎ
1453	ぬかす	kanji	抜かす
1454	ぬぐいとる	override	拭い取る
1455	ぬぐう	kanji	拭う
1456	ぬくもり	kanji	温もり
1457	ぬすむ	kanji	盗む
1458	ぬまえび	override	ヌマエビ
1459	ぬめり	kanji	滑り
1460	ぬらす	override	濡らす
1461	ぬんちゃく	kana:no-eligible	ぬんちゃく
1462	ねあげ	kanji	値上げ
1463	ねいき	kanji	寝息
1464	ねいる	katakana	ネイル
1465	ねいろ	kanji	音色
1466	ねぐせ	override	寝癖
1467	ねくたい	katakana	ネクタイ
1468	ねくら	kanji	根暗
1469	ねこぜ	kanji	猫背
1470	ねこむ	kanji	寝込む
1471	ねさげ	kanji	値下げ
1472	ねすごす	kanji	寝過ごす
1473	ねそべる	kanji	寝そべる
1474	ねだん	kanji	値段
1475	ねつい	kanji	熱意
1476	ねっしん	kanji	熱心
1477	ねつぞう	kanji	ねつ造
1478	ねったいぎょ	kanji	熱帯魚
1479	ねぶそく	kanji	寝不足
1480	ねふだ	kanji	値札
1481	ねぼう	kanji	寝坊
1482	ねほりはほり	kanji	根掘り葉掘り
1483	ねまき	kanji(alt:寝巻/寝巻き)	寝間着
1484	ねまわし	kanji	根回し
1485	ねみみ	kanji	寝耳
1486	ねむい	kanji	眠い
1487	ねむたい	kanji	眠たい
1488	ねもと	override	根元
1489	ねらう	kanji	狙う
1490	ねわざ	kanji	寝技
1491	ねんいり	kanji	念入り
1492	ねんおし	kanji	念押し
1493	ねんかん	kanji(alt:年刊/年鑑)	年間
1494	ねんきん	kanji	年金
1495	ねんぐ	kanji	年貢
1496	ねんざ	kanji	捻挫
1497	ねんし	kanji	年始
1498	ねんちゃく	kanji	粘着
1499	ねんど	kanji(alt:粘土)	年度
1500	ねんぴ	kanji	燃費
1501	ねんぶつ	kanji	念仏
1502	ねんまつ	kanji	年末
1503	ねんりょう	kanji	燃料
1504	ねんれい	kanji	年齢
1505	のいず	katakana	ノイズ
1506	のおづま	kana:no-eligible	のおづま
1507	のがす	kanji	逃す
1508	のきなみ	kanji(alt:軒並)	軒並み
1509	のこぎり	override	ノコギリ
1510	のこす	kanji	残す
1511	のこる	kanji	残る
1512	のせる	kanji	乗せる
1513	のぞく	kanji	除く
1514	のぞむ	kanji(alt:臨む)	望む
1515	のたまう	kana:ambiguous(宣う/宣ふ)	のたまう
1516	のちほど	override	後ほど
1517	のっく	katakana	ノック
1518	のばす	kanji(alt:延ばす)	伸ばす
1519	のはら	kanji	野原
1520	のべる	kanji	述べる
1521	のぼる	kanji(alt:昇る/上る)	登る
1522	のみもの	kanji(alt:飲物)	飲み物
1523	のやま	kanji	野山
1524	のらいぬ	kanji	野良犬
1525	のらねこ	kanji	野良猫
1526	のりもの	kanji	乗り物
1527	のりゆき	kana:no-eligible	のりゆき
1528	のれん	override	暖簾
1529	のんき	kana:ambiguous(のん気/暖気)	のんき
1530	ばあい	kanji	場合
1531	はあく	kanji	把握
1532	ばあさん	kanji	婆さん
1533	ばいか	kanji(alt:倍加/梅花)	売価
1534	ばいく	katakana	バイク
1535	はいけん	kanji	拝見
1536	はいご	kanji	背後
1537	はいしん	kanji(alt:背信)	配信
1538	はいすい	kanji(alt:配水)	排水
1539	はいせん	kanji(alt:配線/廃船/配船)	敗戦
1540	はいそう	kanji(alt:敗走)	配送
1541	はいち	kanji	配置
1542	ばいばい	kanji	売買
1543	はいれつ	kanji	配列
1544	はえる	kanji(alt:映える/栄える)	生える
1545	はおる	kanji	羽織る
1546	はかい	kanji(alt:破戒)	破壊
1547	ばかり	kana:ambiguous(許/許り)	ばかり
1548	はかる	kanji(alt:測る/量る/計る)	図る
1549	はくしゅ	kanji	拍手
1550	はけん	kanji(alt:覇権)	派遣
1551	はこぶ	kanji	運ぶ
1552	はさみ	kana:ambiguous(挟み/挿み)	はさみ
1553	はさん	kanji	破産
1554	はしご	kanji	階子
1555	ばしょ	kanji	場所
1556	はしる	kanji	走る
1557	はせる	override	馳せる
1558	ぱそこん	kanji	パソ婚
1559	はそん	kanji	破損
1560	はたん	kanji	破綻
1561	はちみつ	kanji	蜂蜜
1562	はつおん	kanji	発音
1563	はっかく	kanji	発覚
1564	はづき	kanji	葉月
1565	はっきり	kana:no-eligible	はっきり
1566	はっくつ	kanji	発掘
1567	はっけん	kanji(alt:発券)	発見
1568	はっこう	kanji(alt:発効/発酵/発光)	発行
1569	はっさん	kanji	発散
1570	はっしん	kanji(alt:発進)	発信
1571	はったつ	kanji	発達
1572	はっちゅう	kanji	発注
1573	はってん	kanji	発展
1574	はっぴょう	kanji	発表
1575	はっぽう	kanji(alt:八方/発泡)	発砲
1576	はなす	kanji(alt:離す/放す)	話す
1577	はなび	kanji	花火
1578	はにかむ	katakana	ハニカム
1579	はぶらし	kanji	歯ブラシ
1580	はみがき	kanji	歯磨き
1581	はむかう	kanji(alt:歯向かう)	歯向う
1582	はめつ	kanji	破滅
1583	はやい	kanji(alt:速い)	早い
1584	はやし	kanji	林
1585	はらう	kanji	払う
1586	はろうぃん	katakana	ハロウィン
1587	はわい	katakana	ハワイ
1588	はんい	kanji(alt:犯意)	範囲
1589	はんえい	kanji(alt:反映)	繁栄
1590	はんおん	kanji	半音
1591	はんかく	override	半角
1592	はんきょう	kanji(alt:反共)	反響
1593	ばんぐみ	kanji	番組
1594	はんこ	kanji	判子
1595	はんしゃ	kanji	反射
1596	はんすう	kanji	半数
1597	はんだん	kanji	判断
1598	ぱんち	katakana	パンチ
1599	ぱんつ	katakana	パンツ
1600	はんてい	kanji	判定
1601	はんとし	kanji	半年
1602	はんのう	kanji(alt:半農)	反応
1603	はんぱ	kanji	半端
1604	はんぶん	kanji	半分
1605	はんぺん	kana:ambiguous(半平/半片/反変)	はんぺん
1606	はんぼうき	kanji	繁忙期
1607	はんめい	kanji	判明
1608	はんらん	kanji(alt:氾濫)	反乱
1609	はんろん	kanji	反論
1610	ひいき	kana:no-eligible	ひいき
1611	ひうん	kanji	悲運
1612	ひえる	kanji	冷える
1613	ひかく	kanji(alt:皮革)	比較
1614	ひかり	kanji	光
1615	ひかる	kanji	光る
1616	ひかん	kanji	悲観
1617	ひくい	kanji	低い
1618	ひけつ	kanji	否決
1619	ひこうき	kanji	飛行機
1620	ひこく	kanji	被告
1621	ひさい	kanji	被災
1622	ひさしぶり	kanji(alt:久し振り)	久しぶり
1623	ひさん	kanji(alt:飛散)	悲惨
1624	びじゅつかん	kanji	美術館
1625	ひしょ	kanji(alt:避暑)	秘書
1626	ひそか	kanji	密か
1627	ひそむ	kanji	潜む
1628	ひたむき	kana:ambiguous(直向/直向き)	ひたむき
1629	ひだり	kanji	左
1630	ひたる	kanji	浸る
1631	ひつぎ	kanji	棺
1632	ひっこし	kanji	引っ越し
1633	ひっし	kanji(alt:必至)	必死
1634	ひつじゅひん	kanji	必需品
1635	ひっす	kanji	必須
1636	ひつぜん	kanji	必然
1637	ぴったり	kana:no-eligible	ぴったり
1638	ぴっちり	kana:no-eligible	ぴっちり
1639	ひつよう	kanji	必要
1640	ひてい	kanji	否定
1641	ひとごみ	kanji(alt:人込み)	人ごみ
1642	ひなまつり	kanji	ひな祭り
1643	ひなん	kanji(alt:非難)	避難
1644	ひねる	kanji	捻る
1645	ひはん	kanji	批判
1646	ひびく	kanji	響く
1647	ひひょう	kanji	批評
1648	ひほう	kanji	悲報
1649	ひまわり	override	向日葵
1650	ひまん	kanji	肥満
1651	ひみつ	kanji	秘密
1652	ひめい	kanji	悲鳴
1653	ひめじし	kanji-name	姫路市
1654	ひやけ	kanji	日焼け
1655	ひやす	kanji	冷やす
1656	ひよう	kanji	費用
1657	びょうき	kanji	病気
1658	ひらがな	kanji	平仮名
1659	ひらく	kanji	開く
1660	ひりつ	kanji	比率
1661	ひりょう	kanji	肥料
1662	ひるま	kanji	昼間
1663	ひるやすみ	kanji	昼休み
1664	ひれい	kanji(alt:非礼)	比例
1665	ひろい	kanji	広い
1666	ひろう	kanji(alt:披露/拾う)	疲労
1667	ひろき	kanji	従
1668	ひろゆき	kana:no-eligible	ひろゆき
1669	ひんかく	kanji(alt:賓客)	品格
1670	ひんけつ	kanji	貧血
1671	ひんこん	kanji	貧困
1672	ひんしゅ	kanji	品種
1673	ひんそう	kanji	貧相
1674	ぴんち	katakana	ピンチ
1675	ひんぱん	kanji	頻繁
1676	びんぼう	kanji	貧乏
1677	ふあん	kanji	不安
1678	ふいうち	kanji	不意打ち
1679	ふうけい	kanji	風景
1680	ふうせん	kanji	風船
1681	ぷうたろう	override	プー太郎
1682	ふうとう	kanji	封筒
1683	ふうふ	kanji	夫婦
1684	ふえる	kanji(alt:殖える)	増える
1685	ふおん	kanji	不穏
1686	ふかい	kanji(alt:深い)	不快
1687	ふきん	kanji(alt:布巾)	付近
1688	ふくざつ	kanji	複雑
1689	ふくぶくろ	kanji	福袋
1690	ふこう	kanji(alt:不孝)	不幸
1691	ふさい	kanji(alt:負債)	夫妻
1692	ふしぎ	kanji	不思議
1693	ふじみ	kanji	不死身
1694	ふすま	override	襖
1695	ふせい	kanji(alt:浮世)	不正
1696	ふせぐ	kanji	防ぐ
1697	ふそく	kanji(alt:付則)	不足
1698	ぶたにく	kanji	豚肉
1699	ふたん	kanji	負担
1700	ふちょう	kanji(alt:府庁/婦長)	不調
1701	ふつう	kanji(alt:不通)	普通
1702	ふつか	kanji	二日
1703	ふっかつ	kanji	復活
1704	ふっき	kanji(alt:富貴)	復帰
1705	ふっこく	kanji	復刻
1706	ぶどう	kanji	武道
1707	ふとる	kanji	太る
1708	ふとん	kanji	布団
1709	ふのう	kanji	不能
1710	ふはい	kanji(alt:不敗)	腐敗
1711	ふひょう	kanji(alt:浮標)	不評
1712	ふへん	kanji(alt:不変)	普遍
1713	ふまん	kanji	不満
1714	ふみん	kanji	不眠
1715	ふめつ	kanji	不滅
1716	ふめん	kanji	譜面
1717	ふよう	kanji(alt:浮揚/扶養)	不要
1718	ふりこ	kanji	振り子
1719	ふりる	katakana	フリル
1720	ふるい	kanji	古い
1721	ふんいき	kanji	雰囲気
1722	ぶんがく	kanji	文学
1723	ぶんぐ	kanji	文具
1724	ふんしつ	kanji	紛失
1725	ぶんせき	kanji	分析
1726	ふんそう	kanji	紛争
1727	ぶんぽう	kanji	文法
1728	へいあん	kanji	平安
1729	へいおん	kanji	平穏
1730	へいがい	kanji	弊害
1731	へいき	kanji(alt:平気/併記)	兵器
1732	へいげん	kanji	平原
1733	へいこう	kanji(alt:並行/閉口/平衡)	平行
1734	へいさ	kanji	閉鎖
1735	へいしゃ	kanji(alt:弊社)	兵舎
1736	へいせつ	kanji	併設
1737	へいそ	kanji	平素
1738	へいたく	kana:no-eligible	へいたく
1739	へいてん	kanji	閉店
1740	へいねつ	kanji	平熱
1741	へいわ	kanji	平和
1742	へきが	kanji	壁画
1743	へこむ	kanji	凹む
1744	べにいろ	kanji	紅色
1745	べにしょうが	override	紅生姜
1746	へらす	kanji	減らす
1747	へんかん	kanji(alt:変換)	返還
1748	べんきょう	kanji	勉強
1749	べんごし	kanji	弁護士
1750	へんさい	kanji	返済
1751	へんたい	kanji(alt:変態)	編隊
1752	べんり	kanji	便利
1753	ほあん	kanji	保安
1754	ほいく	kanji	保育
1755	ぼうぎょ	kanji	防御
1756	ほうこく	kanji(alt:報国)	報告
1757	ほうそう	kanji(alt:包装/法曹)	放送
1758	ほうほう	kanji	方法
1759	ほうもん	kanji	訪問
1760	ほうりつ	kanji	法律
1761	ほえる	override	吠える
1762	ほおん	kanji	保温
1763	ほかん	kanji(alt:補完)	保管
1764	ほきょう	kanji	補強
1765	ぼきん	kanji	募金
1766	ほくろ	kanji	黒子
1767	ほけつ	kanji	補欠
1768	ほけん	kanji(alt:保健)	保険
1769	ほこう	kanji	歩行
1770	ほこる	kanji	誇る
1771	ほしい	kanji	欲しい
1772	ほしつ	override	保湿
1773	ほしゅ	kanji(alt:捕手)	保守
1774	ほしょう	kanji(alt:保証/保障)	補償
1775	ほせい	kanji	補正
1776	ほそい	kanji	細い
1777	ほそく	kanji	補足
1778	ほたて	kanji	帆立
1779	ほたる	kanji	蛍
1780	ぽちぶくろ	override	ポチ袋
1781	ほっきょく	kanji	北極
1782	ほっさ	kanji	発作
1783	ほったん	kanji	発端
1784	ほとんど	kanji	幾ど
1785	ほめる	kanji	褒める
1786	ほんい	kanji(alt:本意/翻意)	本位
1787	ほんき	kanji	本気
1788	ほんけ	kanji	本家
1789	ほんしつ	kanji	本質
1790	ほんやく	kanji	翻訳
1791	まいにち	kanji	毎日
1792	まかい	kanji	魔界
1793	まかせる	kanji	任せる
1794	まがる	kanji	曲がる
1795	まける	kanji	負ける
1796	まこと	kanji	誠
1797	まさつ	kanji	摩擦
1798	まじめ	kanji	真面目
1799	ますく	katakana	マスク
1800	まぜる	kanji(alt:交ぜる)	混ぜる
1801	まつり	kanji(alt:祭)	祭り
1802	まとめ	kana:no-eligible	まとめ
1803	まなぶ	kanji	学ぶ
1804	まぬけ	kanji	間抜け
1805	まねく	kanji	招く
1806	まほう	kanji	魔法
1807	まもる	kanji	守る
1808	まゆげ	kanji	眉毛
1809	まよう	kanji	迷う
1810	まろやか	kanji	円やか
1811	まわす	kanji	回す
1812	まわり	kanji(alt:回り)	周り
1813	まわる	kanji	回る
1814	まんが	kanji	漫画
1815	まんきつ	kanji	満喫
1816	まんぞく	kanji	満足
1817	まんなか	kanji	真ん中
1818	みいら	katakana	ミイラ
1819	みうち	kanji	身内
1820	みえる	kanji	見える
1821	みがく	kanji	磨く
1822	みかた	kanji(alt:味方)	見方
1823	みかん	kanji	未完
1824	みけん	override	眉間
1825	みこん	kanji	未婚
1826	みじかい	kanji	短い
1827	みすい	kanji	未遂
1828	みすえる	kanji	見据える
1829	みせる	kanji	見せる
1830	みっか	kanji	三日
1831	みつかる	kanji	見つかる
1832	みつける	kanji(alt:見付ける)	見つける
1833	みてい	kanji	未定
1834	みとめる	kanji	認める
1835	みなと	kanji	港
1836	みなみかさい	kanji-name	南葛西
1837	みねらる	katakana	ミネラル
1838	みのう	kanji	未納
1839	みのがす	kanji	見逃す
1840	みほん	kanji	見本
1841	みもと	kanji	身元
1842	みやげ	kanji	土産
1843	みらい	kanji	未来
1844	みりょく	kanji	魅力
1845	みわく	kanji	魅惑
1846	みんか	kanji	民家
1847	みんぞく	kanji(alt:民俗)	民族
1848	むいか	kanji	六日
1849	むえき	kanji	無益
1850	むえん	kanji(alt:無援)	無縁
1851	むかい	kanji(alt:向かい)	向い
1852	むかう	kanji	向かう
1853	むかえ	kanji	迎え
1854	むかし	kanji	昔
1855	むぎちゃ	kanji	麦茶
1856	むける	kanji	向ける
1857	むげん	kanji(alt:夢幻)	無限
1858	むさぼる	kanji	貪る
1859	むしあつい	kanji	蒸し暑い
1860	むしば	kanji	虫歯
1861	むじゅん	kanji	矛盾
1862	むしろ	kanji	寧ろ
1863	むすう	kanji	無数
1864	むすこ	kanji	息子
1865	むすぶ	kanji	結ぶ
1866	むすめ	kanji	娘
1867	むせる	kana:ambiguous(咽せる/咽る)	むせる
1868	むせん	kanji	無線
1869	むちゅう	kanji	夢中
1870	むなしい	kanji(alt:空しい)	虚しい
1871	むのう	kanji	無能
1872	むやみ	kana:ambiguous(無暗/無闇)	むやみ
1873	むよう	kanji	無用
1874	むらさき	kanji	紫
1875	むりょう	kanji(alt:無量)	無料
1876	むろん	kanji	無論
1877	めいあん	kanji(alt:名案)	明暗
1878	めいうん	kanji	命運
1879	めいえん	override	名演
1880	めいかく	kanji	明確
1881	めいきょく	kanji	名曲
1882	めいさい	kanji(alt:迷彩)	明細
1883	めいし	kanji(alt:名詞/名士)	名刺
1884	めいそう	override	瞑想
1885	めいぶつ	kanji	名物
1886	めいれい	kanji	命令
1887	めいわく	kanji	迷惑
1888	めぐまれる	kanji	恵まれる
1889	めざす	kanji	目指す
1890	めした	kanji	目下
1891	めずらしい	kanji	珍しい
1892	めだつ	kanji	目立つ
1893	めまい	kanji	目まい
1894	めやす	kanji	目安
1895	めんきょ	kanji	免許
1896	めんせき	kanji(alt:免責)	面積
1897	めんどう	kanji	面倒
1898	もうしあげる	kanji	申し上げる
1899	もうどうけん	kanji	盲導犬
1900	もえる	kanji	燃える
1901	もくし	kanji	黙示
1902	もくてき	kanji	目的
1903	もくようび	kanji	木曜日
1904	もちろん	kana:no-eligible	もちろん
1905	もどる	kanji	戻る
1906	もらう	kana:no-eligible	もらう
1907	もんく	kanji	文句
1908	もんだい	kanji	問題
1909	やおや	kanji	八百屋
1910	やける	kanji	焼ける
1911	やさい	kanji	野菜
1912	やさしい	kanji(alt:易しい)	優しい
1913	やすい	kanji(alt:易い)	安い
1914	やすたろう	kana:no-eligible	やすたろう
1915	やすみ	kanji	休み
1916	やせる	kanji	痩せる
1917	やそう	kanji	野草
1918	やたい	kanji	屋台
1919	やちん	kanji	家賃
1920	やっと	kanji	漸と
1921	やっぱり	kanji	矢っ張り
1922	やぶる	kanji	破る
1923	やめる	kanji(alt:止める)	辞める
1924	ややこしい	kana:no-eligible	ややこしい
1925	やよい	kanji	弥生
1926	やわらかい	kanji(alt:軟らかい)	柔らかい
1927	ゆうき	kanji(alt:勇気)	有機
1928	ゆうびんきょく	kanji	郵便局
1929	ゆうべ	kanji	昨夜
1930	ゆうめい	kanji	有名
1931	ゆけつ	kanji	輸血
1932	ゆしゅつ	kanji	輸出
1933	ゆせん	override	湯せん
1934	ゆそう	kanji	輸送
1935	ゆたか	kanji	豊か
1936	ゆちゃく	kanji	癒着
1937	ゆでる	kana:no-eligible	ゆでる
1938	ゆにゅう	kanji	輸入
1939	ゆびわ	kanji	指輪
1940	ゆらい	kanji	由来
1941	ゆれる	kanji	揺れる
1942	ようい	kanji(alt:容易)	用意
1943	ようか	kanji	八日
1944	ようきゅう	kanji(alt:洋弓)	要求
1945	ようじ	kanji(alt:用事/幼時)	幼児
1946	ようす	kanji	様子
1947	ようちえん	kanji	幼稚園
1948	よかぜ	kanji	夜風
1949	よかん	kanji	予感
1950	よきん	kanji	預金
1951	よくせい	kanji	抑制
1952	よくぼう	kanji	欲望
1953	よけい	kanji	余計
1954	よごれる	kanji	汚れる
1955	よさん	kanji	予算
1956	よしゅう	kanji	予習
1957	よそう	kanji	予想
1958	よそく	kanji	予測
1959	よっか	kanji	四日
1960	よてい	kanji	予定
1961	よどがわく	kana:no-eligible	よどがわく
1962	よねつ	kanji	余熱
1963	よやく	kanji	予約
1964	よゆう	kanji	余裕
1965	よろこぶ	kanji	喜ぶ
1966	よろしい	kanji	宜しい
1967	らいう	kanji	雷雨
1968	らくがき	kanji	落書き
1969	らくご	kanji	落語
1970	らくさつ	kanji	落札
1971	らくだ	kanji	落堕
1972	らしんばん	kanji	羅針盤
1973	らせん	kanji	裸線
1974	らぞく	kanji	裸族
1975	らたい	kanji	裸体
1976	らっか	kanji	落下
1977	られつ	kanji	羅列
1978	りえき	kanji	利益
1979	りかい	kanji	理解
1980	りきさく	kanji	力作
1981	りきせつ	kanji	力説
1982	りくぐん	kanji	陸軍
1983	りくつ	kanji	理屈
1984	りけん	kanji	利権
1985	りこう	kanji(alt:理工/利口)	履行
1986	りせい	kanji	理性
1987	りそう	kanji	理想
1988	りそく	kanji	利息
1989	りてん	kanji	利点
1990	りねん	kanji	理念
1991	りゆう	kanji	理由
1992	りゅうがく	kanji	留学
1993	りよう	kanji(alt:理容)	利用
1994	りょうり	kanji	料理
1995	りょかん	kanji	旅館
1996	りょくちゃ	kanji	緑茶
1997	りょこう	kanji	旅行
1998	りりく	kanji	離陸
1999	りれき	kanji	履歴
2000	りろん	kanji	理論
2001	りんご	override	リンゴ
2002	るいけい	kanji(alt:類型)	累計
2003	るいさい	kana:no-eligible	るいさい
2004	るいじ	kanji	類似
2005	るいせき	kanji	累積
2006	るすばん	kanji	留守番
2007	るりがわら	kanji	瑠璃瓦
2008	れいかん	kanji(alt:冷汗/霊感)	冷や汗
2009	れいぎ	kanji	礼儀
2010	れいせい	kanji	冷静
2011	れいぞうこ	kanji	冷蔵庫
2012	れいとう	kanji	冷凍
2013	れいぼう	kanji	冷房
2014	れきし	kanji	歴史
2015	れきだい	kanji	歴代
2016	れんあい	kanji	恋愛
2017	れんけい	kanji(alt:連係)	連携
2018	れんこん	override	蓮根
2019	れんさい	kanji	連載
2020	れんしゅう	kanji	練習
2021	れんぞく	kanji	連続
2022	れんらく	kanji	連絡
2023	ろうか	kanji(alt:老化)	廊下
2024	ろうご	kanji	老後
2025	ろうじん	kanji	老人
2026	ろうそく	kana:no-eligible	ろうそく
2027	ろくが	kanji	録画
2028	ろこつ	kanji	露骨
2029	ろじうら	kanji	路地裏
2030	ろしゅつ	kanji	露出
2031	ろせん	kanji	路線
2032	ろてん	kanji(alt:露天)	露店
2033	ろめん	kanji	路面
2034	ろれつ	kanji	呂律
2035	ろんぎ	kanji	論議
2036	ろんぱ	kanji	論破
2037	ろんぶん	kanji	論文
2038	ろんり	kanji	論理
2039	わかす	kanji	沸かす
2040	わかめ	override	ワカメ
2041	わかやま	kanji	和歌山
2042	わかれる	kanji(alt:別れる)	分かれる
2043	わしつ	kanji	和室
2044	わじまし	kanji-name	輪島市
2045	わすれもの	kanji	忘れ物
2046	わらう	kanji	笑う
2047	われる	kanji	割れる
